date,close
2024-01-01,100
2024-01-02,101
2024-01-03,102
2024-01-04,99
2024-01-05,98
2024-01-06,97
2024-01-07,95
2024-01-08,96
2024-01-09,100
2024-01-10,104
2024-01-11,106
2024-01-12,108
2024-01-13,110
2024-01-14,109
2024-01-15,107
2024-01-16,105
2024-01-17,104
2024-01-18,101
2024-01-19,99
2024-01-20,98
2024-01-21,100
2024-01-22,103
2024-01-23,105
2024-01-24,106
2024-01-25,108
2024-01-26,110
2024-01-27,112
2024-01-28,111
2024-01-29,109
2024-01-30,108
2024-01-31,106
2024-02-01,105
2024-02-02,103
2024-02-03,101
2024-02-04,100
2024-02-05,102
2024-02-06,104
2024-02-07,106
2024-02-08,105
2024-02-09,107
2024-02-10,110
2024-02-11,112
2024-02-12,114
2024-02-13,113
2024-02-14,111
2024-02-15,109
2024-02-16,108
2024-02-17,106
2024-02-18,104
2024-02-19,103
2024-02-20,101
2024-02-21,99
2024-02-22,98
2024-02-23,96
2024-02-24,95
2024-02-25,97
2024-02-26,99
2024-02-27,101
2024-02-28,103
2024-02-29,105
2024-03-01,108
2024-03-02,110
2024-03-03,109
2024-03-04,107
2024-03-05,105
2024-03-06,103
2024-03-07,101
2024-03-08,100
2024-03-09,102
2024-03-10,104
2024-03-11,106
2024-03-12,108
2024-03-13,110
2024-03-14,112
2024-03-15,115
2024-03-16,117
2024-03-17,116
2024-03-18,114
2024-03-19,112
2024-03-20,111
2024-03-21,109
2024-03-22,107
2024-03-23,105
2024-03-24,104
2024-03-25,102
